"id","name","parent","layer","type","trigger","surface"
"1063071500","Enterance","BossRoom","0","61","True","MISSING"
"1500000002","GroundSide_01_01","GroundSurface_01_Closed_Sprite_Shape_12","6","68","False","MISSING"
"1500000005","ClimbSide_01_01","ClimbWallSurface_01_Closed_Sprite_Shape_12","9","68","False","MISSING"
"1500000008","GroundSide_01_02","GroundSurface_01_Closed_Sprite_Shape_12","6","68","False","MISSING"
"1500000011","ClimbSide_01_02","ClimbWallSurface_01_Closed_Sprite_Shape_12","9","68","False","MISSING"
"1500000016","GroundSide_02_01","GroundSurface_02_Closed_Sprite_Shape_8","6","68","False","MISSING"
"1500000019","ClimbSide_02_01","ClimbWallSurface_02_Closed_Sprite_Shape_8","9","68","False","MISSING"
"1500000022","GroundSide_02_02","GroundSurface_02_Closed_Sprite_Shape_8","6","68","False","MISSING"
"1500000025","ClimbSide_02_02","ClimbWallSurface_02_Closed_Sprite_Shape_8","9","68","False","MISSING"
"1500000030","GroundSide_03_01","GroundSurface_03_Closed_Sprite_Shape_9","6","68","False","MISSING"
"1500000033","ClimbSide_03_01","ClimbWallSurface_03_Closed_Sprite_Shape_9","9","68","False","MISSING"
"1500000036","GroundSide_03_02","GroundSurface_03_Closed_Sprite_Shape_9","6","68","False","MISSING"
"1500000039","ClimbSide_03_02","ClimbWallSurface_03_Closed_Sprite_Shape_9","9","68","False","MISSING"
"1500000044","GroundSide_04_01","GroundSurface_04_Closed_Sprite_Shape_3","6","68","False","MISSING"
"1500000047","ClimbSide_04_01","ClimbWallSurface_04_Closed_Sprite_Shape_3","9","68","False","MISSING"
"1500000050","GroundSide_04_02","GroundSurface_04_Closed_Sprite_Shape_3","6","68","False","MISSING"
"1500000053","ClimbSide_04_02","ClimbWallSurface_04_Closed_Sprite_Shape_3","9","68","False","MISSING"
"1500000058","GroundSide_05_01","GroundSurface_05_Closed_Sprite_Shape_1","6","68","False","MISSING"
"1500000061","ClimbSide_05_01","ClimbWallSurface_05_Closed_Sprite_Shape_1","9","68","False","MISSING"
"1500000064","GroundSide_05_02","GroundSurface_05_Closed_Sprite_Shape_1","6","68","False","MISSING"
"1500000067","ClimbSide_05_02","ClimbWallSurface_05_Closed_Sprite_Shape_1","9","68","False","MISSING"
"1500000070","GroundSide_05_03","GroundSurface_05_Closed_Sprite_Shape_1","6","68","False","MISSING"
"1500000073","ClimbSide_05_03","ClimbWallSurface_05_Closed_Sprite_Shape_1","9","68","False","MISSING"
"1500000076","GroundSide_05_04","GroundSurface_05_Closed_Sprite_Shape_1","6","68","False","MISSING"
"1500000079","ClimbSide_05_04","ClimbWallSurface_05_Closed_Sprite_Shape_1","9","68","False","MISSING"
"1500000082","GroundSide_05_05","GroundSurface_05_Closed_Sprite_Shape_1","6","68","False","MISSING"
"1500000085","ClimbSide_05_05","ClimbWallSurface_05_Closed_Sprite_Shape_1","9","68","False","MISSING"
"1500000088","GroundSide_05_06","GroundSurface_05_Closed_Sprite_Shape_1","6","68","False","MISSING"
"1500000091","ClimbSide_05_06","ClimbWallSurface_05_Closed_Sprite_Shape_1","9","68","False","MISSING"
"1500000094","GroundSide_05_07","GroundSurface_05_Closed_Sprite_Shape_1","6","68","False","MISSING"
"1500000097","ClimbSide_05_07","ClimbWallSurface_05_Closed_Sprite_Shape_1","9","68","False","MISSING"
"1500000100","GroundSide_05_08","GroundSurface_05_Closed_Sprite_Shape_1","6","68","False","MISSING"
"1500000103","ClimbSide_05_08","ClimbWallSurface_05_Closed_Sprite_Shape_1","9","68","False","MISSING"
"1500000106","GroundSide_05_09","GroundSurface_05_Closed_Sprite_Shape_1","6","68","False","MISSING"
"1500000109","ClimbSide_05_09","ClimbWallSurface_05_Closed_Sprite_Shape_1","9","68","False","MISSING"
"1500000112","GroundSide_05_10","GroundSurface_05_Closed_Sprite_Shape_1","6","68","False","MISSING"
"1500000115","ClimbSide_05_10","ClimbWallSurface_05_Closed_Sprite_Shape_1","9","68","False","MISSING"
"1500000118","GroundSide_05_11","GroundSurface_05_Closed_Sprite_Shape_1","6","68","False","MISSING"
"1500000121","ClimbSide_05_11","ClimbWallSurface_05_Closed_Sprite_Shape_1","9","68","False","MISSING"
"1500000124","GroundSide_05_12","GroundSurface_05_Closed_Sprite_Shape_1","6","68","False","MISSING"
"1500000127","ClimbSide_05_12","ClimbWallSurface_05_Closed_Sprite_Shape_1","9","68","False","MISSING"
"1500000130","GroundSide_05_13","GroundSurface_05_Closed_Sprite_Shape_1","6","68","False","MISSING"
"1500000133","ClimbSide_05_13","ClimbWallSurface_05_Closed_Sprite_Shape_1","9","68","False","MISSING"
"1500000136","GroundSide_05_14","GroundSurface_05_Closed_Sprite_Shape_1","6","68","False","MISSING"
"1500000139","ClimbSide_05_14","ClimbWallSurface_05_Closed_Sprite_Shape_1","9","68","False","MISSING"
"1500000142","GroundSide_05_15","GroundSurface_05_Closed_Sprite_Shape_1","6","68","False","MISSING"
"1500000145","ClimbSide_05_15","ClimbWallSurface_05_Closed_Sprite_Shape_1","9","68","False","MISSING"
"1500000148","GroundSide_05_16","GroundSurface_05_Closed_Sprite_Shape_1","6","68","False","MISSING"
"1500000151","ClimbSide_05_16","ClimbWallSurface_05_Closed_Sprite_Shape_1","9","68","False","MISSING"
"1500000154","GroundSide_05_17","GroundSurface_05_Closed_Sprite_Shape_1","6","68","False","MISSING"
"1500000157","ClimbSide_05_17","ClimbWallSurface_05_Closed_Sprite_Shape_1","9","68","False","MISSING"
"1500000160","GroundSide_05_18","GroundSurface_05_Closed_Sprite_Shape_1","6","68","False","MISSING"
"1500000163","ClimbSide_05_18","ClimbWallSurface_05_Closed_Sprite_Shape_1","9","68","False","MISSING"
"1500000166","GroundSide_05_19","GroundSurface_05_Closed_Sprite_Shape_1","6","68","False","MISSING"
"1500000169","ClimbSide_05_19","ClimbWallSurface_05_Closed_Sprite_Shape_1","9","68","False","MISSING"
"1500000174","GroundSide_06_01","GroundSurface_06_Closed_Sprite_Shape_13","6","68","False","MISSING"
"1500000177","ClimbSide_06_01","ClimbWallSurface_06_Closed_Sprite_Shape_13","9","68","False","MISSING"
"1500000180","GroundSide_06_02","GroundSurface_06_Closed_Sprite_Shape_13","6","68","False","MISSING"
"1500000183","ClimbSide_06_02","ClimbWallSurface_06_Closed_Sprite_Shape_13","9","68","False","MISSING"
"1500000186","GroundSide_06_03","GroundSurface_06_Closed_Sprite_Shape_13","6","68","False","MISSING"
"1500000189","ClimbSide_06_03","ClimbWallSurface_06_Closed_Sprite_Shape_13","9","68","False","MISSING"
"1500000192","GroundSide_06_04","GroundSurface_06_Closed_Sprite_Shape_13","6","68","False","MISSING"
"1500000195","ClimbSide_06_04","ClimbWallSurface_06_Closed_Sprite_Shape_13","9","68","False","MISSING"
"1500000200","GroundSide_07_01","GroundSurface_07_SecondGround","6","68","False","MISSING"
"1500000203","ClimbSide_07_01","ClimbWallSurface_07_SecondGround","9","68","False","MISSING"
"1500000206","GroundSide_07_02","GroundSurface_07_SecondGround","6","68","False","MISSING"
"1500000209","ClimbSide_07_02","ClimbWallSurface_07_SecondGround","9","68","False","MISSING"
"1500000212","GroundSide_07_03","GroundSurface_07_SecondGround","6","68","False","MISSING"
"1500000215","ClimbSide_07_03","ClimbWallSurface_07_SecondGround","9","68","False","MISSING"
"1500000218","GroundSide_07_04","GroundSurface_07_SecondGround","6","68","False","MISSING"
"1500000221","ClimbSide_07_04","ClimbWallSurface_07_SecondGround","9","68","False","MISSING"
"1500000226","GroundSide_08_01","GroundSurface_08_Closed_Sprite_Shape_2","6","68","False","MISSING"
"1500000229","ClimbSide_08_01","ClimbWallSurface_08_Closed_Sprite_Shape_2","9","68","False","MISSING"
"1500000232","GroundSide_08_02","GroundSurface_08_Closed_Sprite_Shape_2","6","68","False","MISSING"
"1500000235","ClimbSide_08_02","ClimbWallSurface_08_Closed_Sprite_Shape_2","9","68","False","MISSING"
"1500000240","GroundSide_09_01","GroundSurface_09_Closed_Sprite_Shape_2","6","68","False","MISSING"
"1500000243","ClimbSide_09_01","ClimbWallSurface_09_Closed_Sprite_Shape_2","9","68","False","MISSING"
"1500000248","GroundSide_10_01","GroundSurface_10_Closed_Sprite_Shape_4","6","68","False","MISSING"
"1500000251","ClimbSide_10_01","ClimbWallSurface_10_Closed_Sprite_Shape_4","9","68","False","MISSING"
"1500000254","GroundSide_10_02","GroundSurface_10_Closed_Sprite_Shape_4","6","68","False","MISSING"
"1500000257","ClimbSide_10_02","ClimbWallSurface_10_Closed_Sprite_Shape_4","9","68","False","MISSING"
"1500000262","GroundSide_11_01","GroundSurface_11_Closed_Sprite_Shape_10","6","68","False","MISSING"
"1500000265","ClimbSide_11_01","ClimbWallSurface_11_Closed_Sprite_Shape_10","9","68","False","MISSING"
"1500000268","GroundSide_11_02","GroundSurface_11_Closed_Sprite_Shape_10","6","68","False","MISSING"
"1500000271","ClimbSide_11_02","ClimbWallSurface_11_Closed_Sprite_Shape_10","9","68","False","MISSING"
"1500000276","GroundSide_12_01","GroundSurface_12_Closed_Sprite_Shape_3","6","68","False","MISSING"
"1500000279","ClimbSide_12_01","ClimbWallSurface_12_Closed_Sprite_Shape_3","9","68","False","MISSING"
"1500000282","GroundSide_12_02","GroundSurface_12_Closed_Sprite_Shape_3","6","68","False","MISSING"
"1500000285","ClimbSide_12_02","ClimbWallSurface_12_Closed_Sprite_Shape_3","9","68","False","MISSING"
"1500000288","GroundSide_12_03","GroundSurface_12_Closed_Sprite_Shape_3","6","68","False","MISSING"
"1500000291","ClimbSide_12_03","ClimbWallSurface_12_Closed_Sprite_Shape_3","9","68","False","MISSING"
"1500000294","GroundSide_12_04","GroundSurface_12_Closed_Sprite_Shape_3","6","68","False","MISSING"
"1500000297","ClimbSide_12_04","ClimbWallSurface_12_Closed_Sprite_Shape_3","9","68","False","MISSING"
"1500000302","GroundSide_13_01","GroundSurface_13_Upper","6","68","False","MISSING"
"1500000305","ClimbSide_13_01","ClimbWallSurface_13_Upper","9","68","False","MISSING"
"1500000308","GroundSide_13_02","GroundSurface_13_Upper","6","68","False","MISSING"
"1500000311","ClimbSide_13_02","ClimbWallSurface_13_Upper","9","68","False","MISSING"
"1500000314","GroundSide_13_03","GroundSurface_13_Upper","6","68","False","MISSING"
"1500000317","ClimbSide_13_03","ClimbWallSurface_13_Upper","9","68","False","MISSING"
"1500000320","GroundSide_13_04","GroundSurface_13_Upper","6","68","False","MISSING"
"1500000323","ClimbSide_13_04","ClimbWallSurface_13_Upper","9","68","False","MISSING"
"1500000326","GroundSide_13_05","GroundSurface_13_Upper","6","68","False","MISSING"
"1500000329","ClimbSide_13_05","ClimbWallSurface_13_Upper","9","68","False","MISSING"
"1500000332","GroundSide_13_06","GroundSurface_13_Upper","6","68","False","MISSING"
"1500000335","ClimbSide_13_06","ClimbWallSurface_13_Upper","9","68","False","MISSING"
"1500000338","GroundSide_13_07","GroundSurface_13_Upper","6","68","False","MISSING"
"1500000341","ClimbSide_13_07","ClimbWallSurface_13_Upper","9","68","False","MISSING"
"1500000344","GroundSide_13_08","GroundSurface_13_Upper","6","68","False","MISSING"
"1500000347","ClimbSide_13_08","ClimbWallSurface_13_Upper","9","68","False","MISSING"
"1500000350","GroundSide_13_09","GroundSurface_13_Upper","6","68","False","MISSING"
"1500000353","ClimbSide_13_09","ClimbWallSurface_13_Upper","9","68","False","MISSING"
"1500000356","GroundSide_13_10","GroundSurface_13_Upper","6","68","False","MISSING"
"1500000359","ClimbSide_13_10","ClimbWallSurface_13_Upper","9","68","False","MISSING"
"1500000362","GroundSide_13_11","GroundSurface_13_Upper","6","68","False","MISSING"
"1500000365","ClimbSide_13_11","ClimbWallSurface_13_Upper","9","68","False","MISSING"
"1500000368","GroundSide_13_12","GroundSurface_13_Upper","6","68","False","MISSING"
"1500000371","ClimbSide_13_12","ClimbWallSurface_13_Upper","9","68","False","MISSING"
"1500000374","GroundSide_13_13","GroundSurface_13_Upper","6","68","False","MISSING"
"1500000377","ClimbSide_13_13","ClimbWallSurface_13_Upper","9","68","False","MISSING"
"1500000380","GroundSide_13_14","GroundSurface_13_Upper","6","68","False","MISSING"
"1500000383","ClimbSide_13_14","ClimbWallSurface_13_Upper","9","68","False","MISSING"
"1500000386","GroundSide_13_15","GroundSurface_13_Upper","6","68","False","MISSING"
"1500000389","ClimbSide_13_15","ClimbWallSurface_13_Upper","9","68","False","MISSING"
"1500000392","GroundSide_13_16","GroundSurface_13_Upper","6","68","False","MISSING"
"1500000395","ClimbSide_13_16","ClimbWallSurface_13_Upper","9","68","False","MISSING"
"1500000398","GroundSide_13_17","GroundSurface_13_Upper","6","68","False","MISSING"
"1500000401","ClimbSide_13_17","ClimbWallSurface_13_Upper","9","68","False","MISSING"
"1500000404","GroundSide_13_18","GroundSurface_13_Upper","6","68","False","MISSING"
"1500000407","ClimbSide_13_18","ClimbWallSurface_13_Upper","9","68","False","MISSING"
"1500000412","GroundSide_14_01","GroundSurface_14_Right","6","68","False","MISSING"
"1500000415","ClimbSide_14_01","ClimbWallSurface_14_Right","9","68","False","MISSING"
"1500000418","GroundSide_14_02","GroundSurface_14_Right","6","68","False","MISSING"
"1500000421","ClimbSide_14_02","ClimbWallSurface_14_Right","9","68","False","MISSING"
"1500000424","GroundSide_14_03","GroundSurface_14_Right","6","68","False","MISSING"
"1500000427","ClimbSide_14_03","ClimbWallSurface_14_Right","9","68","False","MISSING"
"1500000430","GroundSide_14_04","GroundSurface_14_Right","6","68","False","MISSING"
"1500000433","ClimbSide_14_04","ClimbWallSurface_14_Right","9","68","False","MISSING"
"1500000436","GroundSide_14_05","GroundSurface_14_Right","6","68","False","MISSING"
"1500000439","ClimbSide_14_05","ClimbWallSurface_14_Right","9","68","False","MISSING"
"1500000442","GroundSide_14_06","GroundSurface_14_Right","6","68","False","MISSING"
"1500000445","ClimbSide_14_06","ClimbWallSurface_14_Right","9","68","False","MISSING"
"1500000448","GroundSide_14_07","GroundSurface_14_Right","6","68","False","MISSING"
"1500000451","ClimbSide_14_07","ClimbWallSurface_14_Right","9","68","False","MISSING"
"1500000454","GroundSide_14_08","GroundSurface_14_Right","6","68","False","MISSING"
"1500000457","ClimbSide_14_08","ClimbWallSurface_14_Right","9","68","False","MISSING"
"1500000460","GroundSide_14_09","GroundSurface_14_Right","6","68","False","MISSING"
"1500000463","ClimbSide_14_09","ClimbWallSurface_14_Right","9","68","False","MISSING"
"1500000466","GroundSide_14_10","GroundSurface_14_Right","6","68","False","MISSING"
"1500000469","ClimbSide_14_10","ClimbWallSurface_14_Right","9","68","False","MISSING"
"1500000472","GroundSide_14_11","GroundSurface_14_Right","6","68","False","MISSING"
"1500000475","ClimbSide_14_11","ClimbWallSurface_14_Right","9","68","False","MISSING"
"1500000478","GroundSide_14_12","GroundSurface_14_Right","6","68","False","MISSING"
"1500000481","ClimbSide_14_12","ClimbWallSurface_14_Right","9","68","False","MISSING"
"1500000484","GroundSide_14_13","GroundSurface_14_Right","6","68","False","MISSING"
"1500000487","ClimbSide_14_13","ClimbWallSurface_14_Right","9","68","False","MISSING"
"1500000492","GroundSide_15_01","GroundSurface_15_Under","6","68","False","MISSING"
"1500000495","ClimbSide_15_01","ClimbWallSurface_15_Under","9","68","False","MISSING"
"1500000498","GroundSide_15_02","GroundSurface_15_Under","6","68","False","MISSING"
"1500000501","ClimbSide_15_02","ClimbWallSurface_15_Under","9","68","False","MISSING"
"1500000504","GroundSide_15_03","GroundSurface_15_Under","6","68","False","MISSING"
"1500000507","ClimbSide_15_03","ClimbWallSurface_15_Under","9","68","False","MISSING"
"1500000510","GroundSide_15_04","GroundSurface_15_Under","6","68","False","MISSING"
"1500000513","ClimbSide_15_04","ClimbWallSurface_15_Under","9","68","False","MISSING"
"1500000516","GroundSide_15_05","GroundSurface_15_Under","6","68","False","MISSING"
"1500000519","ClimbSide_15_05","ClimbWallSurface_15_Under","9","68","False","MISSING"
"1500000522","GroundSide_15_06","GroundSurface_15_Under","6","68","False","MISSING"
"1500000525","ClimbSide_15_06","ClimbWallSurface_15_Under","9","68","False","MISSING"
"1500000528","GroundSide_15_07","GroundSurface_15_Under","6","68","False","MISSING"
"1500000531","ClimbSide_15_07","ClimbWallSurface_15_Under","9","68","False","MISSING"
"1500000534","GroundSide_15_08","GroundSurface_15_Under","6","68","False","MISSING"
"1500000537","ClimbSide_15_08","ClimbWallSurface_15_Under","9","68","False","MISSING"
"1500000540","GroundSide_15_09","GroundSurface_15_Under","6","68","False","MISSING"
"1500000543","ClimbSide_15_09","ClimbWallSurface_15_Under","9","68","False","MISSING"
"1500000546","GroundSide_15_10","GroundSurface_15_Under","6","68","False","MISSING"
"1500000549","ClimbSide_15_10","ClimbWallSurface_15_Under","9","68","False","MISSING"
"1500000552","GroundSide_15_11","GroundSurface_15_Under","6","68","False","MISSING"
"1500000555","ClimbSide_15_11","ClimbWallSurface_15_Under","9","68","False","MISSING"
"1500000558","GroundSide_15_12","GroundSurface_15_Under","6","68","False","MISSING"
"1500000561","ClimbSide_15_12","ClimbWallSurface_15_Under","9","68","False","MISSING"
"1500000564","GroundSide_15_13","GroundSurface_15_Under","6","68","False","MISSING"
"1500000567","ClimbSide_15_13","ClimbWallSurface_15_Under","9","68","False","MISSING"
"1500000570","GroundSide_15_14","GroundSurface_15_Under","6","68","False","MISSING"
"1500000573","ClimbSide_15_14","ClimbWallSurface_15_Under","9","68","False","MISSING"
"1500000576","GroundSide_15_15","GroundSurface_15_Under","6","68","False","MISSING"
"1500000579","ClimbSide_15_15","ClimbWallSurface_15_Under","9","68","False","MISSING"
"1500000582","GroundSide_15_16","GroundSurface_15_Under","6","68","False","MISSING"
"1500000585","ClimbSide_15_16","ClimbWallSurface_15_Under","9","68","False","MISSING"
"1500000590","GroundSide_16_01","GroundSurface_16_Left","6","68","False","1"
"1500000593","ClimbSide_16_01","ClimbWallSurface_16_Left","9","68","False","MISSING"
"1500000596","GroundSide_16_02","GroundSurface_16_Left","6","68","False","1"
"1500000599","ClimbSide_16_02","ClimbWallSurface_16_Left","9","68","False","MISSING"
"1500000602","GroundSide_16_03","GroundSurface_16_Left","6","68","False","1"
"1500000605","ClimbSide_16_03","ClimbWallSurface_16_Left","9","68","False","MISSING"
"1500000608","GroundSide_16_04","GroundSurface_16_Left","6","68","False","1"
"1500000611","ClimbSide_16_04","ClimbWallSurface_16_Left","9","68","False","MISSING"
"1500000614","GroundSide_16_05","GroundSurface_16_Left","6","68","False","1"
"1500000617","ClimbSide_16_05","ClimbWallSurface_16_Left","9","68","False","MISSING"
"1500000620","GroundSide_16_06","GroundSurface_16_Left","6","68","False","1"
"1500000623","ClimbSide_16_06","ClimbWallSurface_16_Left","9","68","False","MISSING"
"1500000626","GroundSide_16_07","GroundSurface_16_Left","6","68","False","1"
"1500000629","ClimbSide_16_07","ClimbWallSurface_16_Left","9","68","False","MISSING"
"1500000632","GroundSide_16_08","GroundSurface_16_Left","6","68","False","1"
"1500000635","ClimbSide_16_08","ClimbWallSurface_16_Left","9","68","False","MISSING"
"1500000638","GroundSide_16_09","GroundSurface_16_Left","6","68","False","1"
"1500000641","ClimbSide_16_09","ClimbWallSurface_16_Left","9","68","False","MISSING"
"1500000644","GroundSide_16_10","GroundSurface_16_Left","6","68","False","1"
"1500000647","ClimbSide_16_10","ClimbWallSurface_16_Left","9","68","False","MISSING"
"1500000650","GroundSide_16_11","GroundSurface_16_Left","6","68","False","1"
"1500000653","ClimbSide_16_11","ClimbWallSurface_16_Left","9","68","False","MISSING"
"1500000656","GroundSide_16_12","GroundSurface_16_Left","6","68","False","1"
"1500000659","ClimbSide_16_12","ClimbWallSurface_16_Left","9","68","False","MISSING"
"1500000662","GroundSide_16_13","GroundSurface_16_Left","6","68","False","1"
"1500000665","ClimbSide_16_13","ClimbWallSurface_16_Left","9","68","False","MISSING"
"1500000668","GroundSide_16_14","GroundSurface_16_Left","6","68","False","1"
"1500000671","ClimbSide_16_14","ClimbWallSurface_16_Left","9","68","False","MISSING"
"1500000674","GroundSide_16_15","GroundSurface_16_Left","6","68","False","1"
"1500000677","ClimbSide_16_15","ClimbWallSurface_16_Left","9","68","False","MISSING"
"1500000680","GroundSide_16_16","GroundSurface_16_Left","6","68","False","1"
"1500000683","ClimbSide_16_16","ClimbWallSurface_16_Left","9","68","False","MISSING"
"1500000686","GroundSide_16_17","GroundSurface_16_Left","6","68","False","1"
"1500000689","ClimbSide_16_17","ClimbWallSurface_16_Left","9","68","False","MISSING"
"1500000692","GroundSide_16_18","GroundSurface_16_Left","6","68","False","1"
"1500000695","ClimbSide_16_18","ClimbWallSurface_16_Left","9","68","False","MISSING"
"1500000698","GroundSide_16_19","GroundSurface_16_Left","6","68","False","1"
"1500000701","ClimbSide_16_19","ClimbWallSurface_16_Left","9","68","False","MISSING"
"1500000704","GroundSide_16_20","GroundSurface_16_Left","6","68","False","1"
"1500000707","ClimbSide_16_20","ClimbWallSurface_16_Left","9","68","False","MISSING"
"1500000710","GroundSide_16_21","GroundSurface_16_Left","6","68","False","1"
"1500000713","ClimbSide_16_21","ClimbWallSurface_16_Left","9","68","False","MISSING"
"1500000716","GroundSide_16_22","GroundSurface_16_Left","6","68","False","1"
"1500000719","ClimbSide_16_22","ClimbWallSurface_16_Left","9","68","False","MISSING"
"1500000722","GroundSide_16_23","GroundSurface_16_Left","6","68","False","1"
"1500000725","ClimbSide_16_23","ClimbWallSurface_16_Left","9","68","False","MISSING"
"1500000728","GroundSide_16_24","GroundSurface_16_Left","6","68","False","1"
"1500000731","ClimbSide_16_24","ClimbWallSurface_16_Left","9","68","False","MISSING"
"1500000734","GroundSide_16_25","GroundSurface_16_Left","6","68","False","1"
"1500000737","ClimbSide_16_25","ClimbWallSurface_16_Left","9","68","False","MISSING"
"1500000740","GroundSide_16_26","GroundSurface_16_Left","6","68","False","1"
"1500000743","ClimbSide_16_26","ClimbWallSurface_16_Left","9","68","False","MISSING"
"1500000748","GroundSide_17_01","GroundSurface_17_Closed_Sprite_Shape","6","68","False","MISSING"
"1500000751","ClimbSide_17_01","ClimbWallSurface_17_Closed_Sprite_Shape","9","68","False","MISSING"
"1500000754","GroundSide_17_02","GroundSurface_17_Closed_Sprite_Shape","6","68","False","MISSING"
"1500000757","ClimbSide_17_02","ClimbWallSurface_17_Closed_Sprite_Shape","9","68","False","MISSING"
"1500000760","GroundSide_17_03","GroundSurface_17_Closed_Sprite_Shape","6","68","False","MISSING"
"1500000763","ClimbSide_17_03","ClimbWallSurface_17_Closed_Sprite_Shape","9","68","False","MISSING"
"1500000768","GroundSide_18_01","GroundSurface_18_Closed_Sprite_Shape_11","6","68","False","MISSING"
"1500000771","ClimbSide_18_01","ClimbWallSurface_18_Closed_Sprite_Shape_11","9","68","False","MISSING"
"1500000774","GroundSide_18_02","GroundSurface_18_Closed_Sprite_Shape_11","6","68","False","MISSING"
"1500000777","ClimbSide_18_02","ClimbWallSurface_18_Closed_Sprite_Shape_11","9","68","False","MISSING"
"1500000782","GroundSide_19_01","GroundSurface_19_Closed_Sprite_Shape_1","6","68","False","1"
"1500000785","ClimbSide_19_01","ClimbWallSurface_19_Closed_Sprite_Shape_1","9","68","False","MISSING"
"1500000788","GroundSide_19_02","GroundSurface_19_Closed_Sprite_Shape_1","6","68","False","1"
"1500000791","ClimbSide_19_02","ClimbWallSurface_19_Closed_Sprite_Shape_1","9","68","False","MISSING"
"1500000794","GroundSide_19_03","GroundSurface_19_Closed_Sprite_Shape_1","6","68","False","1"
"1500000797","ClimbSide_19_03","ClimbWallSurface_19_Closed_Sprite_Shape_1","9","68","False","MISSING"
"1500000800","GroundSide_19_04","GroundSurface_19_Closed_Sprite_Shape_1","6","68","False","1"
"1500000803","ClimbSide_19_04","ClimbWallSurface_19_Closed_Sprite_Shape_1","9","68","False","MISSING"
"1500000806","GroundSide_19_05","GroundSurface_19_Closed_Sprite_Shape_1","6","68","False","1"
"1500000809","ClimbSide_19_05","ClimbWallSurface_19_Closed_Sprite_Shape_1","9","68","False","MISSING"
"1500000812","GroundSide_19_06","GroundSurface_19_Closed_Sprite_Shape_1","6","68","False","1"
"1500000815","ClimbSide_19_06","ClimbWallSurface_19_Closed_Sprite_Shape_1","9","68","False","MISSING"
"1500000818","GroundSide_19_07","GroundSurface_19_Closed_Sprite_Shape_1","6","68","False","1"
"1500000821","ClimbSide_19_07","ClimbWallSurface_19_Closed_Sprite_Shape_1","9","68","False","MISSING"
"1500000824","GroundSide_19_08","GroundSurface_19_Closed_Sprite_Shape_1","6","68","False","1"
"1500000827","ClimbSide_19_08","ClimbWallSurface_19_Closed_Sprite_Shape_1","9","68","False","MISSING"
"1500000830","GroundSide_19_09","GroundSurface_19_Closed_Sprite_Shape_1","6","68","False","1"
"1500000833","ClimbSide_19_09","ClimbWallSurface_19_Closed_Sprite_Shape_1","9","68","False","MISSING"
"1500000836","GroundSide_19_10","GroundSurface_19_Closed_Sprite_Shape_1","6","68","False","1"
"1500000839","ClimbSide_19_10","ClimbWallSurface_19_Closed_Sprite_Shape_1","9","68","False","MISSING"
"1500000842","GroundSide_19_11","GroundSurface_19_Closed_Sprite_Shape_1","6","68","False","1"
"1500000845","ClimbSide_19_11","ClimbWallSurface_19_Closed_Sprite_Shape_1","9","68","False","MISSING"
"1500000850","GroundSide_20_01","GroundSurface_20_Closed_Sprite_Shape_5","6","68","False","MISSING"
"1500000853","ClimbSide_20_01","ClimbWallSurface_20_Closed_Sprite_Shape_5","9","68","False","MISSING"
"1500000856","GroundSide_20_02","GroundSurface_20_Closed_Sprite_Shape_5","6","68","False","MISSING"
"1500000859","ClimbSide_20_02","ClimbWallSurface_20_Closed_Sprite_Shape_5","9","68","False","MISSING"
"1500000862","GroundSide_20_03","GroundSurface_20_Closed_Sprite_Shape_5","6","68","False","MISSING"
"1500000865","ClimbSide_20_03","ClimbWallSurface_20_Closed_Sprite_Shape_5","9","68","False","MISSING"
"1500000870","GroundSide_21_01","GroundSurface_21_Upper","6","68","False","MISSING"
"1500000873","ClimbSide_21_01","ClimbWallSurface_21_Upper","9","68","False","MISSING"
"1500000876","GroundSide_21_02","GroundSurface_21_Upper","6","68","False","MISSING"
"1500000879","ClimbSide_21_02","ClimbWallSurface_21_Upper","9","68","False","MISSING"
"1500000882","GroundSide_21_03","GroundSurface_21_Upper","6","68","False","MISSING"
"1500000885","ClimbSide_21_03","ClimbWallSurface_21_Upper","9","68","False","MISSING"
"1500000888","GroundSide_21_04","GroundSurface_21_Upper","6","68","False","MISSING"
"1500000891","ClimbSide_21_04","ClimbWallSurface_21_Upper","9","68","False","MISSING"
"1500000894","GroundSide_21_05","GroundSurface_21_Upper","6","68","False","MISSING"
"1500000897","ClimbSide_21_05","ClimbWallSurface_21_Upper","9","68","False","MISSING"
"1500000900","GroundSide_21_06","GroundSurface_21_Upper","6","68","False","MISSING"
"1500000903","ClimbSide_21_06","ClimbWallSurface_21_Upper","9","68","False","MISSING"
"1500000906","GroundSide_21_07","GroundSurface_21_Upper","6","68","False","MISSING"
"1500000909","ClimbSide_21_07","ClimbWallSurface_21_Upper","9","68","False","MISSING"
"1500000912","GroundSide_21_08","GroundSurface_21_Upper","6","68","False","MISSING"
"1500000915","ClimbSide_21_08","ClimbWallSurface_21_Upper","9","68","False","MISSING"
"1500000918","GroundSide_21_09","GroundSurface_21_Upper","6","68","False","MISSING"
"1500000921","ClimbSide_21_09","ClimbWallSurface_21_Upper","9","68","False","MISSING"
"1500000924","GroundSide_21_10","GroundSurface_21_Upper","6","68","False","MISSING"
"1500000927","ClimbSide_21_10","ClimbWallSurface_21_Upper","9","68","False","MISSING"
"1500000930","GroundSide_21_11","GroundSurface_21_Upper","6","68","False","MISSING"
"1500000933","ClimbSide_21_11","ClimbWallSurface_21_Upper","9","68","False","MISSING"
"1500000936","GroundSide_21_12","GroundSurface_21_Upper","6","68","False","MISSING"
"1500000939","ClimbSide_21_12","ClimbWallSurface_21_Upper","9","68","False","MISSING"
"1500000942","GroundSide_21_13","GroundSurface_21_Upper","6","68","False","MISSING"
"1500000945","ClimbSide_21_13","ClimbWallSurface_21_Upper","9","68","False","MISSING"
"1500000950","GroundSide_22_01","GroundSurface_22_Under","6","68","False","MISSING"
"1500000953","ClimbSide_22_01","ClimbWallSurface_22_Under","9","68","False","MISSING"
"1500000956","GroundSide_22_02","GroundSurface_22_Under","6","68","False","MISSING"
"1500000959","ClimbSide_22_02","ClimbWallSurface_22_Under","9","68","False","MISSING"
"1500000962","GroundSide_22_03","GroundSurface_22_Under","6","68","False","MISSING"
"1500000965","ClimbSide_22_03","ClimbWallSurface_22_Under","9","68","False","MISSING"
"1500000968","GroundSide_22_04","GroundSurface_22_Under","6","68","False","MISSING"
"1500000971","ClimbSide_22_04","ClimbWallSurface_22_Under","9","68","False","MISSING"
"1500000974","GroundSide_22_05","GroundSurface_22_Under","6","68","False","MISSING"
"1500000977","ClimbSide_22_05","ClimbWallSurface_22_Under","9","68","False","MISSING"
"1500000980","GroundSide_22_06","GroundSurface_22_Under","6","68","False","MISSING"
"1500000983","ClimbSide_22_06","ClimbWallSurface_22_Under","9","68","False","MISSING"
"1500000986","GroundSide_22_07","GroundSurface_22_Under","6","68","False","MISSING"
"1500000989","ClimbSide_22_07","ClimbWallSurface_22_Under","9","68","False","MISSING"
"1500000992","GroundSide_22_08","GroundSurface_22_Under","6","68","False","MISSING"
"1500000995","ClimbSide_22_08","ClimbWallSurface_22_Under","9","68","False","MISSING"
"1500000998","GroundSide_22_09","GroundSurface_22_Under","6","68","False","MISSING"
"1500001001","ClimbSide_22_09","ClimbWallSurface_22_Under","9","68","False","MISSING"
"1500001004","GroundSide_22_10","GroundSurface_22_Under","6","68","False","MISSING"
"1500001007","ClimbSide_22_10","ClimbWallSurface_22_Under","9","68","False","MISSING"
"1500001010","GroundSide_22_11","GroundSurface_22_Under","6","68","False","MISSING"
"1500001013","ClimbSide_22_11","ClimbWallSurface_22_Under","9","68","False","MISSING"
"1500001016","GroundSide_22_12","GroundSurface_22_Under","6","68","False","MISSING"
"1500001019","ClimbSide_22_12","ClimbWallSurface_22_Under","9","68","False","MISSING"
"1500001022","GroundSide_22_13","GroundSurface_22_Under","6","68","False","MISSING"
"1500001025","ClimbSide_22_13","ClimbWallSurface_22_Under","9","68","False","MISSING"
"1500001028","GroundSide_22_14","GroundSurface_22_Under","6","68","False","MISSING"
"1500001031","ClimbSide_22_14","ClimbWallSurface_22_Under","9","68","False","MISSING"
"1500001034","GroundSide_22_15","GroundSurface_22_Under","6","68","False","MISSING"
"1500001037","ClimbSide_22_15","ClimbWallSurface_22_Under","9","68","False","MISSING"
"1500001040","GroundSide_22_16","GroundSurface_22_Under","6","68","False","MISSING"
"1500001043","ClimbSide_22_16","ClimbWallSurface_22_Under","9","68","False","MISSING"
"1500001046","GroundSide_22_17","GroundSurface_22_Under","6","68","False","MISSING"
"1500001049","ClimbSide_22_17","ClimbWallSurface_22_Under","9","68","False","MISSING"
"1500001052","GroundSide_22_18","GroundSurface_22_Under","6","68","False","MISSING"
"1500001055","ClimbSide_22_18","ClimbWallSurface_22_Under","9","68","False","MISSING"
"1500001058","GroundSide_22_19","GroundSurface_22_Under","6","68","False","MISSING"
"1500001061","ClimbSide_22_19","ClimbWallSurface_22_Under","9","68","False","MISSING"
"1500001064","GroundSide_22_20","GroundSurface_22_Under","6","68","False","MISSING"
"1500001067","ClimbSide_22_20","ClimbWallSurface_22_Under","9","68","False","MISSING"
"1500001070","GroundSide_22_21","GroundSurface_22_Under","6","68","False","MISSING"
"1500001073","ClimbSide_22_21","ClimbWallSurface_22_Under","9","68","False","MISSING"
"1500001076","GroundSide_22_22","GroundSurface_22_Under","6","68","False","MISSING"
"1500001079","ClimbSide_22_22","ClimbWallSurface_22_Under","9","68","False","MISSING"
"1500001082","GroundSide_22_23","GroundSurface_22_Under","6","68","False","MISSING"
"1500001085","ClimbSide_22_23","ClimbWallSurface_22_Under","9","68","False","MISSING"
"1500001088","GroundSide_22_24","GroundSurface_22_Under","6","68","False","MISSING"
"1500001091","ClimbSide_22_24","ClimbWallSurface_22_Under","9","68","False","MISSING"
"1500001094","GroundSide_22_25","GroundSurface_22_Under","6","68","False","MISSING"
"1500001097","ClimbSide_22_25","ClimbWallSurface_22_Under","9","68","False","MISSING"
"1500001100","GroundSide_22_26","GroundSurface_22_Under","6","68","False","MISSING"
"1500001103","ClimbSide_22_26","ClimbWallSurface_22_Under","9","68","False","MISSING"
"1500001106","GroundSide_22_27","GroundSurface_22_Under","6","68","False","MISSING"
"1500001109","ClimbSide_22_27","ClimbWallSurface_22_Under","9","68","False","MISSING"
"1500001112","GroundSide_22_28","GroundSurface_22_Under","6","68","False","MISSING"
"1500001115","ClimbSide_22_28","ClimbWallSurface_22_Under","9","68","False","MISSING"
"1500001118","GroundSide_22_29","GroundSurface_22_Under","6","68","False","MISSING"
"1500001121","ClimbSide_22_29","ClimbWallSurface_22_Under","9","68","False","MISSING"
"1500001124","GroundSide_22_30","GroundSurface_22_Under","6","68","False","MISSING"
"1500001127","ClimbSide_22_30","ClimbWallSurface_22_Under","9","68","False","MISSING"
"1500001130","GroundSide_22_31","GroundSurface_22_Under","6","68","False","MISSING"
"1500001133","ClimbSide_22_31","ClimbWallSurface_22_Under","9","68","False","MISSING"
"1500001136","GroundSide_22_32","GroundSurface_22_Under","6","68","False","MISSING"
"1500001139","ClimbSide_22_32","ClimbWallSurface_22_Under","9","68","False","MISSING"
"1500001142","GroundSide_22_33","GroundSurface_22_Under","6","68","False","MISSING"
"1500001145","ClimbSide_22_33","ClimbWallSurface_22_Under","9","68","False","MISSING"
"1500001148","GroundSide_22_34","GroundSurface_22_Under","6","68","False","MISSING"
"1500001151","ClimbSide_22_34","ClimbWallSurface_22_Under","9","68","False","MISSING"
"1500001154","GroundSide_22_35","GroundSurface_22_Under","6","68","False","MISSING"
"1500001157","ClimbSide_22_35","ClimbWallSurface_22_Under","9","68","False","MISSING"
"1500001160","GroundSide_22_36","GroundSurface_22_Under","6","68","False","MISSING"
"1500001163","ClimbSide_22_36","ClimbWallSurface_22_Under","9","68","False","MISSING"
"1500001166","GroundSide_22_37","GroundSurface_22_Under","6","68","False","MISSING"
"1500001169","ClimbSide_22_37","ClimbWallSurface_22_Under","9","68","False","MISSING"
"1500001172","GroundSide_22_38","GroundSurface_22_Under","6","68","False","MISSING"
"1500001175","ClimbSide_22_38","ClimbWallSurface_22_Under","9","68","False","MISSING"
"1500001178","GroundSide_22_39","GroundSurface_22_Under","6","68","False","MISSING"
"1500001181","ClimbSide_22_39","ClimbWallSurface_22_Under","9","68","False","MISSING"
"1500001184","GroundSide_22_40","GroundSurface_22_Under","6","68","False","MISSING"
"1500001187","ClimbSide_22_40","ClimbWallSurface_22_Under","9","68","False","MISSING"
"1500001190","GroundSide_22_41","GroundSurface_22_Under","6","68","False","MISSING"
"1500001193","ClimbSide_22_41","ClimbWallSurface_22_Under","9","68","False","MISSING"
"1500001196","GroundSide_22_42","GroundSurface_22_Under","6","68","False","MISSING"
"1500001199","ClimbSide_22_42","ClimbWallSurface_22_Under","9","68","False","MISSING"
"1500001202","GroundSide_22_43","GroundSurface_22_Under","6","68","False","MISSING"
"1500001205","ClimbSide_22_43","ClimbWallSurface_22_Under","9","68","False","MISSING"
"1500001208","GroundSide_22_44","GroundSurface_22_Under","6","68","False","MISSING"
"1500001211","ClimbSide_22_44","ClimbWallSurface_22_Under","9","68","False","MISSING"
"1500001214","GroundSide_22_45","GroundSurface_22_Under","6","68","False","MISSING"
"1500001217","ClimbSide_22_45","ClimbWallSurface_22_Under","9","68","False","MISSING"
"1500001220","GroundSide_22_46","GroundSurface_22_Under","6","68","False","MISSING"
"1500001223","ClimbSide_22_46","ClimbWallSurface_22_Under","9","68","False","MISSING"
"1500001226","GroundSide_22_47","GroundSurface_22_Under","6","68","False","MISSING"
"1500001229","ClimbSide_22_47","ClimbWallSurface_22_Under","9","68","False","MISSING"
"1500001232","GroundSide_22_48","GroundSurface_22_Under","6","68","False","MISSING"
"1500001238","GroundSide_22_49","GroundSurface_22_Under","6","68","False","MISSING"
"1500001244","GroundSide_22_50","GroundSurface_22_Under","6","68","False","MISSING"
"1500001252","GroundSide_23_01","GroundSurface_23_Closed_Sprite_Shape_6","6","68","False","MISSING"
"1500001255","ClimbSide_23_01","ClimbWallSurface_23_Closed_Sprite_Shape_6","9","68","False","MISSING"
"1500001258","GroundSide_23_02","GroundSurface_23_Closed_Sprite_Shape_6","6","68","False","MISSING"
"1500001261","ClimbSide_23_02","ClimbWallSurface_23_Closed_Sprite_Shape_6","9","68","False","MISSING"
"1500001266","GroundSide_24_01","GroundSurface_24_Closed_Sprite_Shape_7","6","68","False","MISSING"
"1500001269","ClimbSide_24_01","ClimbWallSurface_24_Closed_Sprite_Shape_7","9","68","False","MISSING"
"1500001274","GroundSide_25_01","GroundSurface_25_Closed_Sprite_Shape","6","68","False","1"
"1500001277","ClimbSide_25_01","ClimbWallSurface_25_Closed_Sprite_Shape","9","68","False","MISSING"
"1500001280","GroundSide_25_02","GroundSurface_25_Closed_Sprite_Shape","6","68","False","1"
"1500001283","ClimbSide_25_02","ClimbWallSurface_25_Closed_Sprite_Shape","9","68","False","MISSING"
"1500001286","GroundSide_25_03","GroundSurface_25_Closed_Sprite_Shape","6","68","False","1"
"1500001289","ClimbSide_25_03","ClimbWallSurface_25_Closed_Sprite_Shape","9","68","False","MISSING"
"1500001292","GroundSide_25_04","GroundSurface_25_Closed_Sprite_Shape","6","68","False","1"
"1500001295","ClimbSide_25_04","ClimbWallSurface_25_Closed_Sprite_Shape","9","68","False","MISSING"
"1500001298","GroundSide_25_05","GroundSurface_25_Closed_Sprite_Shape","6","68","False","1"
"1500001301","ClimbSide_25_05","ClimbWallSurface_25_Closed_Sprite_Shape","9","68","False","MISSING"
"1500001304","GroundSide_25_06","GroundSurface_25_Closed_Sprite_Shape","6","68","False","1"
"1500001307","ClimbSide_25_06","ClimbWallSurface_25_Closed_Sprite_Shape","9","68","False","MISSING"
"1500001310","GroundSide_25_07","GroundSurface_25_Closed_Sprite_Shape","6","68","False","1"
"1500001313","ClimbSide_25_07","ClimbWallSurface_25_Closed_Sprite_Shape","9","68","False","MISSING"
"1500001318","GroundSide_26_01","GroundSurface_26_Closed_Sprite_Shape_4","6","68","False","1"
"1500001321","ClimbSide_26_01","ClimbWallSurface_26_Closed_Sprite_Shape_4","9","68","False","MISSING"
"1500001324","GroundSide_26_02","GroundSurface_26_Closed_Sprite_Shape_4","6","68","False","1"
"1500001327","ClimbSide_26_02","ClimbWallSurface_26_Closed_Sprite_Shape_4","9","68","False","MISSING"
"1500001332","GroundSide_27_01","GroundSurface_27_FirstGround","6","68","False","1"
"1500001335","ClimbSide_27_01","ClimbWallSurface_27_FirstGround","9","68","False","MISSING"
"1500001338","GroundSide_27_02","GroundSurface_27_FirstGround","6","68","False","1"
"1500001341","ClimbSide_27_02","ClimbWallSurface_27_FirstGround","9","68","False","MISSING"
"1500001344","GroundSide_27_03","GroundSurface_27_FirstGround","6","68","False","1"
"1500001347","ClimbSide_27_03","ClimbWallSurface_27_FirstGround","9","68","False","MISSING"
"1500001350","GroundSide_27_04","GroundSurface_27_FirstGround","6","68","False","1"
"1500001353","ClimbSide_27_04","ClimbWallSurface_27_FirstGround","9","68","False","MISSING"
"1500001356","GroundSide_27_05","GroundSurface_27_FirstGround","6","68","False","1"
"1500001359","ClimbSide_27_05","ClimbWallSurface_27_FirstGround","9","68","False","MISSING"
"1500001362","GroundSide_27_06","GroundSurface_27_FirstGround","6","68","False","1"
"1500001365","ClimbSide_27_06","ClimbWallSurface_27_FirstGround","9","68","False","MISSING"
"1500001368","GroundSide_27_07","GroundSurface_27_FirstGround","6","68","False","1"
"1500001371","ClimbSide_27_07","ClimbWallSurface_27_FirstGround","9","68","False","MISSING"
"1500001376","GroundSide_28_01","GroundSurface_28_Under","6","68","False","MISSING"
"1500001379","ClimbSide_28_01","ClimbWallSurface_28_Under","9","68","False","MISSING"
"1500001382","GroundSide_28_02","GroundSurface_28_Under","6","68","False","MISSING"
"1500001385","ClimbSide_28_02","ClimbWallSurface_28_Under","9","68","False","MISSING"
"1500001388","GroundSide_28_03","GroundSurface_28_Under","6","68","False","MISSING"
"1500001391","ClimbSide_28_03","ClimbWallSurface_28_Under","9","68","False","MISSING"
"1500001394","GroundSide_28_04","GroundSurface_28_Under","6","68","False","MISSING"
"1500001397","ClimbSide_28_04","ClimbWallSurface_28_Under","9","68","False","MISSING"
"1500001400","GroundSide_28_05","GroundSurface_28_Under","6","68","False","MISSING"
"1500001403","ClimbSide_28_05","ClimbWallSurface_28_Under","9","68","False","MISSING"
"1500001406","GroundSide_28_06","GroundSurface_28_Under","6","68","False","MISSING"
"1500001409","ClimbSide_28_06","ClimbWallSurface_28_Under","9","68","False","MISSING"
"1500001412","GroundSide_28_07","GroundSurface_28_Under","6","68","False","MISSING"
"1500001415","ClimbSide_28_07","ClimbWallSurface_28_Under","9","68","False","MISSING"
"1500001418","GroundSide_28_08","GroundSurface_28_Under","6","68","False","MISSING"
"1500001421","ClimbSide_28_08","ClimbWallSurface_28_Under","9","68","False","MISSING"
"1500001424","GroundSide_28_09","GroundSurface_28_Under","6","68","False","MISSING"
"1500001427","ClimbSide_28_09","ClimbWallSurface_28_Under","9","68","False","MISSING"
"1500001430","GroundSide_28_10","GroundSurface_28_Under","6","68","False","MISSING"
"1500001433","ClimbSide_28_10","ClimbWallSurface_28_Under","9","68","False","MISSING"
"1500001436","GroundSide_28_11","GroundSurface_28_Under","6","68","False","MISSING"
"1500001439","ClimbSide_28_11","ClimbWallSurface_28_Under","9","68","False","MISSING"
"1500001442","GroundSide_28_12","GroundSurface_28_Under","6","68","False","MISSING"
"1500001445","ClimbSide_28_12","ClimbWallSurface_28_Under","9","68","False","MISSING"
"1500001448","GroundSide_28_13","GroundSurface_28_Under","6","68","False","MISSING"
"1500001451","ClimbSide_28_13","ClimbWallSurface_28_Under","9","68","False","MISSING"
"1500001454","GroundSide_28_14","GroundSurface_28_Under","6","68","False","MISSING"
"1500001457","ClimbSide_28_14","ClimbWallSurface_28_Under","9","68","False","MISSING"
"1500001460","GroundSide_28_15","GroundSurface_28_Under","6","68","False","MISSING"
"1500001463","ClimbSide_28_15","ClimbWallSurface_28_Under","9","68","False","MISSING"
"1500001466","GroundSide_28_16","GroundSurface_28_Under","6","68","False","MISSING"
"1500001469","ClimbSide_28_16","ClimbWallSurface_28_Under","9","68","False","MISSING"
"1500001472","GroundSide_28_17","GroundSurface_28_Under","6","68","False","MISSING"
"1500001475","ClimbSide_28_17","ClimbWallSurface_28_Under","9","68","False","MISSING"
"1500001478","GroundSide_28_18","GroundSurface_28_Under","6","68","False","MISSING"
"1500001481","ClimbSide_28_18","ClimbWallSurface_28_Under","9","68","False","MISSING"
"1500001484","GroundSide_28_19","GroundSurface_28_Under","6","68","False","MISSING"
"1500001487","ClimbSide_28_19","ClimbWallSurface_28_Under","9","68","False","MISSING"
"1500001490","GroundSide_28_20","GroundSurface_28_Under","6","68","False","MISSING"
"1500001493","ClimbSide_28_20","ClimbWallSurface_28_Under","9","68","False","MISSING"
"1500001496","GroundSide_28_21","GroundSurface_28_Under","6","68","False","MISSING"
"1500001499","ClimbSide_28_21","ClimbWallSurface_28_Under","9","68","False","MISSING"
"1500001502","GroundSide_28_22","GroundSurface_28_Under","6","68","False","MISSING"
"1500001505","ClimbSide_28_22","ClimbWallSurface_28_Under","9","68","False","MISSING"
"1500001508","GroundSide_28_23","GroundSurface_28_Under","6","68","False","MISSING"
"1500001511","ClimbSide_28_23","ClimbWallSurface_28_Under","9","68","False","MISSING"
"1500001514","GroundSide_28_24","GroundSurface_28_Under","6","68","False","MISSING"
"1500001517","ClimbSide_28_24","ClimbWallSurface_28_Under","9","68","False","MISSING"
"1500001520","GroundSide_28_25","GroundSurface_28_Under","6","68","False","MISSING"
"1500001523","ClimbSide_28_25","ClimbWallSurface_28_Under","9","68","False","MISSING"
"1500001526","GroundSide_28_26","GroundSurface_28_Under","6","68","False","MISSING"
"1500001529","ClimbSide_28_26","ClimbWallSurface_28_Under","9","68","False","MISSING"
"1500001532","GroundSide_28_27","GroundSurface_28_Under","6","68","False","MISSING"
"1500001535","ClimbSide_28_27","ClimbWallSurface_28_Under","9","68","False","MISSING"
"1500001538","GroundSide_28_28","GroundSurface_28_Under","6","68","False","MISSING"
"1500001541","ClimbSide_28_28","ClimbWallSurface_28_Under","9","68","False","MISSING"
"1755384301","BossClimbSide_33_03 (1)","WallCollider","9","68","False","MISSING"
"1800000000","BossGroundPolygon_29_Closed_Sprite_Shape","GroundCollider","6","60","False","MISSING"
"1800000003","BossGroundPolygon_30_Closed_Sprite_Shape_1","GroundCollider","6","60","False","MISSING"
"1800000006","BossGroundPolygon_31_Closed_Sprite_Shape_2","GroundCollider","6","60","False","MISSING"
"1800000009","BossGroundPolygon_32_Closed_Sprite_Shape_3","GroundCollider","6","60","False","MISSING"
"1800000012","BossGroundPolygon_33_Closed_Sprite_Shape_4","GroundCollider","6","60","False","MISSING"
"1800000015","BossGroundPolygon_34_Closed_Sprite_Shape_5","GroundCollider","6","60","False","MISSING"
"1800000018","BossGroundPolygon_35_Upper","GroundCollider","6","60","False","MISSING"
"1810000000","BossClimbSide_29_01","WallCollider","9","68","False","MISSING"
"1810000003","BossClimbSide_29_02","WallCollider","9","68","False","MISSING"
"1810000006","BossClimbSide_30_01","WallCollider","9","68","False","MISSING"
"1810000009","BossClimbSide_30_02","WallCollider","9","68","False","MISSING"
"1810000012","BossClimbSide_31_01","WallCollider","9","68","False","MISSING"
"1810000015","BossClimbSide_31_02","WallCollider","9","68","False","MISSING"
"1810000018","BossClimbSide_32_01","WallCollider","9","68","False","MISSING"
"1810000021","BossClimbSide_33_01","WallCollider","9","68","False","MISSING"
"1810000024","BossClimbSide_33_02","WallCollider","9","68","False","MISSING"
"1810000027","BossClimbSide_33_03","WallCollider","9","68","False","MISSING"
"1810000030","BossClimbSide_34_01","WallCollider","9","68","False","MISSING"
"1810000033","BossClimbSide_34_02","WallCollider","9","68","False","MISSING"
"1810000036","BossClimbSide_34_03","WallCollider","9","68","False","MISSING"
"1810000039","BossClimbSide_35_01","WallCollider","9","68","False","MISSING"
"2075517078","Zone 1","Zones","0","61","True","MISSING"
"3000000002","WalkableSurface_01_01","GroundSurface_01_Closed_Sprite_Shape_12","6","68","False","MISSING"
"3000000007","WalkableSurface_02_01","GroundSurface_02_Closed_Sprite_Shape_8","6","68","False","MISSING"
"3000000012","WalkableSurface_03_01","GroundSurface_03_Closed_Sprite_Shape_9","6","68","False","MISSING"
"3000000017","WalkableSurface_04_01","GroundSurface_04_Closed_Sprite_Shape_3","6","68","False","MISSING"
"3000000022","WalkableSurface_05_01","GroundSurface_05_Closed_Sprite_Shape_1","6","68","False","MISSING"
"3000000025","WalkableSurface_05_02","GroundSurface_05_Closed_Sprite_Shape_1","6","68","False","MISSING"
"3000000028","WalkableSurface_05_03","GroundSurface_05_Closed_Sprite_Shape_1","6","68","False","MISSING"
"3000000031","WalkableSurface_05_04","GroundSurface_05_Closed_Sprite_Shape_1","6","68","False","MISSING"
"3000000034","WalkableSurface_05_05","GroundSurface_05_Closed_Sprite_Shape_1","6","68","False","MISSING"
"3000000037","WalkableSurface_05_06","GroundSurface_05_Closed_Sprite_Shape_1","6","68","False","MISSING"
"3000000040","WalkableSurface_05_07","GroundSurface_05_Closed_Sprite_Shape_1","6","68","False","MISSING"
"3000000043","WalkableSurface_05_08","GroundSurface_05_Closed_Sprite_Shape_1","6","68","False","MISSING"
"3000000046","WalkableSurface_05_09","GroundSurface_05_Closed_Sprite_Shape_1","6","68","False","MISSING"
"3000000049","WalkableSurface_05_10","GroundSurface_05_Closed_Sprite_Shape_1","6","68","False","MISSING"
"3000000052","WalkableSurface_05_11","GroundSurface_05_Closed_Sprite_Shape_1","6","68","False","MISSING"
"3000000055","WalkableSurface_05_12","GroundSurface_05_Closed_Sprite_Shape_1","6","68","False","MISSING"
"3000000058","WalkableSurface_05_13","GroundSurface_05_Closed_Sprite_Shape_1","6","68","False","MISSING"
"3000000061","WalkableSurface_05_14","GroundSurface_05_Closed_Sprite_Shape_1","6","68","False","MISSING"
"3000000064","WalkableSurface_05_15","GroundSurface_05_Closed_Sprite_Shape_1","6","68","False","MISSING"
"3000000067","WalkableSurface_05_16","GroundSurface_05_Closed_Sprite_Shape_1","6","68","False","MISSING"
"3000000070","WalkableSurface_05_17","GroundSurface_05_Closed_Sprite_Shape_1","6","68","False","MISSING"
"3000000073","WalkableSurface_05_18","GroundSurface_05_Closed_Sprite_Shape_1","6","68","False","MISSING"
"3000000078","WalkableSurface_06_01","GroundSurface_06_Closed_Sprite_Shape_13","6","68","False","MISSING"
"3000000083","WalkableSurface_07_01","GroundSurface_07_SecondGround","6","68","False","MISSING"
"3000000088","WalkableSurface_08_01","GroundSurface_08_Closed_Sprite_Shape_2","6","68","False","MISSING"
"3000000093","WalkableSurface_09_01","GroundSurface_09_Closed_Sprite_Shape_2","6","68","False","MISSING"
"3000000098","WalkableSurface_10_01","GroundSurface_10_Closed_Sprite_Shape_4","6","68","False","MISSING"
"3000000103","WalkableSurface_11_01","GroundSurface_11_Closed_Sprite_Shape_10","6","68","False","MISSING"
"3000000108","WalkableSurface_12_01","GroundSurface_12_Closed_Sprite_Shape_3","6","68","False","MISSING"
"3000000111","WalkableSurface_12_02","GroundSurface_12_Closed_Sprite_Shape_3","6","68","False","MISSING"
"3000000114","WalkableSurface_12_03","GroundSurface_12_Closed_Sprite_Shape_3","6","68","False","MISSING"
"3000000119","WalkableSurface_13_01","GroundSurface_13_Upper","6","68","False","MISSING"
"3000000122","WalkableSurface_13_02","GroundSurface_13_Upper","6","68","False","MISSING"
"3000000125","WalkableSurface_13_03","GroundSurface_13_Upper","6","68","False","MISSING"
"3000000128","WalkableSurface_13_04","GroundSurface_13_Upper","6","68","False","MISSING"
"3000000131","WalkableSurface_13_05","GroundSurface_13_Upper","6","68","False","MISSING"
"3000000134","WalkableSurface_13_06","GroundSurface_13_Upper","6","68","False","MISSING"
"3000000137","WalkableSurface_13_07","GroundSurface_13_Upper","6","68","False","MISSING"
"3000000140","WalkableSurface_13_08","GroundSurface_13_Upper","6","68","False","MISSING"
"3000000143","WalkableSurface_13_09","GroundSurface_13_Upper","6","68","False","MISSING"
"3000000146","WalkableSurface_13_10","GroundSurface_13_Upper","6","68","False","MISSING"
"3000000149","WalkableSurface_13_11","GroundSurface_13_Upper","6","68","False","MISSING"
"3000000154","WalkableSurface_14_01","GroundSurface_14_Right","6","68","False","MISSING"
"3000000157","WalkableSurface_14_02","GroundSurface_14_Right","6","68","False","MISSING"
"3000000160","WalkableSurface_14_03","GroundSurface_14_Right","6","68","False","MISSING"
"3000000163","WalkableSurface_14_04","GroundSurface_14_Right","6","68","False","MISSING"
"3000000166","WalkableSurface_14_05","GroundSurface_14_Right","6","68","False","MISSING"
"3000000169","WalkableSurface_14_06","GroundSurface_14_Right","6","68","False","MISSING"
"3000000172","WalkableSurface_14_07","GroundSurface_14_Right","6","68","False","MISSING"
"3000000175","WalkableSurface_14_08","GroundSurface_14_Right","6","68","False","MISSING"
"3000000178","WalkableSurface_14_09","GroundSurface_14_Right","6","68","False","MISSING"
"3000000183","WalkableSurface_15_01","GroundSurface_15_Under","6","68","False","MISSING"
"3000000186","WalkableSurface_15_02","GroundSurface_15_Under","6","68","False","MISSING"
"3000000189","WalkableSurface_15_03","GroundSurface_15_Under","6","68","False","MISSING"
"3000000192","WalkableSurface_15_04","GroundSurface_15_Under","6","68","False","MISSING"
"3000000195","WalkableSurface_15_05","GroundSurface_15_Under","6","68","False","MISSING"
"3000000198","WalkableSurface_15_06","GroundSurface_15_Under","6","68","False","MISSING"
"3000000201","WalkableSurface_15_07","GroundSurface_15_Under","6","68","False","MISSING"
"3000000204","WalkableSurface_15_08","GroundSurface_15_Under","6","68","False","MISSING"
"3000000207","WalkableSurface_15_09","GroundSurface_15_Under","6","68","False","MISSING"
"3000000210","WalkableSurface_15_10","GroundSurface_15_Under","6","68","False","MISSING"
"3000000213","WalkableSurface_15_11","GroundSurface_15_Under","6","68","False","MISSING"
"3000000216","WalkableSurface_15_12","GroundSurface_15_Under","6","68","False","MISSING"
"3000000219","WalkableSurface_15_13","GroundSurface_15_Under","6","68","False","MISSING"
"3000000222","WalkableSurface_15_14","GroundSurface_15_Under","6","68","False","MISSING"
"3000000225","WalkableSurface_15_15","GroundSurface_15_Under","6","68","False","MISSING"
"3000000228","WalkableSurface_15_16","GroundSurface_15_Under","6","68","False","MISSING"
"3000000233","WalkableSurface_16_01","GroundSurface_16_Left","6","68","False","1"
"3000000236","WalkableSurface_16_02","GroundSurface_16_Left","6","68","False","1"
"3000000239","WalkableSurface_16_03","GroundSurface_16_Left","6","68","False","1"
"3000000242","WalkableSurface_16_04","GroundSurface_16_Left","6","68","False","1"
"3000000245","WalkableSurface_16_05","GroundSurface_16_Left","6","68","False","1"
"3000000248","WalkableSurface_16_06","GroundSurface_16_Left","6","68","False","1"
"3000000251","WalkableSurface_16_07","GroundSurface_16_Left","6","68","False","1"
"3000000254","WalkableSurface_16_08","GroundSurface_16_Left","6","68","False","1"
"3000000257","WalkableSurface_16_09","GroundSurface_16_Left","6","68","False","1"
"3000000260","WalkableSurface_16_10","GroundSurface_16_Left","6","68","False","1"
"3000000263","WalkableSurface_16_11","GroundSurface_16_Left","6","68","False","1"
"3000000266","WalkableSurface_16_12","GroundSurface_16_Left","6","68","False","1"
"3000000269","WalkableSurface_16_13","GroundSurface_16_Left","6","68","False","1"
"3000000272","WalkableSurface_16_14","GroundSurface_16_Left","6","68","False","1"
"3000000275","WalkableSurface_16_15","GroundSurface_16_Left","6","68","False","1"
"3000000278","WalkableSurface_16_16","GroundSurface_16_Left","6","68","False","1"
"3000000281","WalkableSurface_16_17","GroundSurface_16_Left","6","68","False","1"
"3000000284","WalkableSurface_16_18","GroundSurface_16_Left","6","68","False","1"
"3000000289","WalkableSurface_17_01","GroundSurface_17_Closed_Sprite_Shape","6","68","False","MISSING"
"3000000292","WalkableSurface_17_02","GroundSurface_17_Closed_Sprite_Shape","6","68","False","MISSING"
"3000000297","WalkableSurface_18_01","GroundSurface_18_Closed_Sprite_Shape_11","6","68","False","MISSING"
"3000000300","WalkableSurface_18_02","GroundSurface_18_Closed_Sprite_Shape_11","6","68","False","MISSING"
"3000000305","WalkableSurface_19_01","GroundSurface_19_Closed_Sprite_Shape_1","6","68","False","1"
"3000000308","WalkableSurface_19_02","GroundSurface_19_Closed_Sprite_Shape_1","6","68","False","1"
"3000000311","WalkableSurface_19_03","GroundSurface_19_Closed_Sprite_Shape_1","6","68","False","1"
"3000000314","WalkableSurface_19_04","GroundSurface_19_Closed_Sprite_Shape_1","6","68","False","1"
"3000000317","WalkableSurface_19_05","GroundSurface_19_Closed_Sprite_Shape_1","6","68","False","1"
"3000000320","WalkableSurface_19_06","GroundSurface_19_Closed_Sprite_Shape_1","6","68","False","1"
"3000000323","WalkableSurface_19_07","GroundSurface_19_Closed_Sprite_Shape_1","6","68","False","1"
"3000000326","WalkableSurface_19_08","GroundSurface_19_Closed_Sprite_Shape_1","6","68","False","1"
"3000000329","WalkableSurface_19_09","GroundSurface_19_Closed_Sprite_Shape_1","6","68","False","1"
"3000000334","WalkableSurface_20_01","GroundSurface_20_Closed_Sprite_Shape_5","6","68","False","MISSING"
"3000000337","WalkableSurface_20_02","GroundSurface_20_Closed_Sprite_Shape_5","6","68","False","MISSING"
"3000000342","WalkableSurface_21_01","GroundSurface_21_Upper","6","68","False","MISSING"
"3000000345","WalkableSurface_21_02","GroundSurface_21_Upper","6","68","False","MISSING"
"3000000348","WalkableSurface_21_03","GroundSurface_21_Upper","6","68","False","MISSING"
"3000000351","WalkableSurface_21_04","GroundSurface_21_Upper","6","68","False","MISSING"
"3000000354","WalkableSurface_21_05","GroundSurface_21_Upper","6","68","False","MISSING"
"3000000357","WalkableSurface_21_06","GroundSurface_21_Upper","6","68","False","MISSING"
"3000000360","WalkableSurface_21_07","GroundSurface_21_Upper","6","68","False","MISSING"
"3000000363","WalkableSurface_21_08","GroundSurface_21_Upper","6","68","False","MISSING"
"3000000366","WalkableSurface_21_09","GroundSurface_21_Upper","6","68","False","MISSING"
"3000000369","WalkableSurface_21_10","GroundSurface_21_Upper","6","68","False","MISSING"
"3000000374","WalkableSurface_22_01","GroundSurface_22_Under","6","68","False","MISSING"
"3000000377","WalkableSurface_22_02","GroundSurface_22_Under","6","68","False","MISSING"
"3000000380","WalkableSurface_22_03","GroundSurface_22_Under","6","68","False","MISSING"
"3000000383","WalkableSurface_22_04","GroundSurface_22_Under","6","68","False","MISSING"
"3000000386","WalkableSurface_22_05","GroundSurface_22_Under","6","68","False","MISSING"
"3000000389","WalkableSurface_22_06","GroundSurface_22_Under","6","68","False","MISSING"
"3000000392","WalkableSurface_22_07","GroundSurface_22_Under","6","68","False","MISSING"
"3000000395","WalkableSurface_22_08","GroundSurface_22_Under","6","68","False","MISSING"
"3000000398","WalkableSurface_22_09","GroundSurface_22_Under","6","68","False","MISSING"
"3000000401","WalkableSurface_22_10","GroundSurface_22_Under","6","68","False","MISSING"
"3000000404","WalkableSurface_22_11","GroundSurface_22_Under","6","68","False","MISSING"
"3000000407","WalkableSurface_22_12","GroundSurface_22_Under","6","68","False","MISSING"
"3000000410","WalkableSurface_22_13","GroundSurface_22_Under","6","68","False","MISSING"
"3000000413","WalkableSurface_22_14","GroundSurface_22_Under","6","68","False","MISSING"
"3000000416","WalkableSurface_22_15","GroundSurface_22_Under","6","68","False","MISSING"
"3000000419","WalkableSurface_22_16","GroundSurface_22_Under","6","68","False","MISSING"
"3000000422","WalkableSurface_22_17","GroundSurface_22_Under","6","68","False","MISSING"
"3000000425","WalkableSurface_22_18","GroundSurface_22_Under","6","68","False","MISSING"
"3000000428","WalkableSurface_22_19","GroundSurface_22_Under","6","68","False","MISSING"
"3000000431","WalkableSurface_22_20","GroundSurface_22_Under","6","68","False","MISSING"
"3000000434","WalkableSurface_22_21","GroundSurface_22_Under","6","68","False","MISSING"
"3000000437","WalkableSurface_22_22","GroundSurface_22_Under","6","68","False","MISSING"
"3000000440","WalkableSurface_22_23","GroundSurface_22_Under","6","68","False","MISSING"
"3000000443","WalkableSurface_22_24","GroundSurface_22_Under","6","68","False","MISSING"
"3000000446","WalkableSurface_22_25","GroundSurface_22_Under","6","68","False","MISSING"
"3000000449","WalkableSurface_22_26","GroundSurface_22_Under","6","68","False","MISSING"
"3000000452","WalkableSurface_22_27","GroundSurface_22_Under","6","68","False","MISSING"
"3000000455","WalkableSurface_22_28","GroundSurface_22_Under","6","68","False","MISSING"
"3000000458","WalkableSurface_22_29","GroundSurface_22_Under","6","68","False","MISSING"
"3000000461","WalkableSurface_22_30","GroundSurface_22_Under","6","68","False","MISSING"
"3000000464","WalkableSurface_22_31","GroundSurface_22_Under","6","68","False","MISSING"
"3000000467","WalkableSurface_22_32","GroundSurface_22_Under","6","68","False","MISSING"
"3000000470","WalkableSurface_22_33","GroundSurface_22_Under","6","68","False","MISSING"
"3000000473","WalkableSurface_22_34","GroundSurface_22_Under","6","68","False","MISSING"
"3000000476","WalkableSurface_22_35","GroundSurface_22_Under","6","68","False","MISSING"
"3000000479","WalkableSurface_22_36","GroundSurface_22_Under","6","68","False","MISSING"
"3000000482","WalkableSurface_22_37","GroundSurface_22_Under","6","68","False","MISSING"
"3000000485","WalkableSurface_22_38","GroundSurface_22_Under","6","68","False","MISSING"
"3000000488","WalkableSurface_22_39","GroundSurface_22_Under","6","68","False","MISSING"
"3000000491","WalkableSurface_22_40","GroundSurface_22_Under","6","68","False","MISSING"
"3000000494","WalkableSurface_22_41","GroundSurface_22_Under","6","68","False","MISSING"
"3000000497","WalkableSurface_22_42","GroundSurface_22_Under","6","68","False","MISSING"
"3000000500","WalkableSurface_22_43","GroundSurface_22_Under","6","68","False","MISSING"
"3000000503","WalkableSurface_22_44","GroundSurface_22_Under","6","68","False","MISSING"
"3000000506","WalkableSurface_22_45","GroundSurface_22_Under","6","68","False","MISSING"
"3000000509","WalkableSurface_22_46","GroundSurface_22_Under","6","68","False","MISSING"
"3000000512","WalkableSurface_22_47","GroundSurface_22_Under","6","68","False","MISSING"
"3000000515","WalkableSurface_22_48","GroundSurface_22_Under","6","68","False","MISSING"
"3000000520","WalkableSurface_23_01","GroundSurface_23_Closed_Sprite_Shape_6","6","68","False","MISSING"
"3000000525","WalkableSurface_24_01","GroundSurface_24_Closed_Sprite_Shape_7","6","68","False","MISSING"
"3000000528","WalkableSurface_24_02","GroundSurface_24_Closed_Sprite_Shape_7","6","68","False","MISSING"
"3000000533","WalkableSurface_25_01","GroundSurface_25_Closed_Sprite_Shape","6","68","False","1"
"3000000536","WalkableSurface_25_02","GroundSurface_25_Closed_Sprite_Shape","6","68","False","1"
"3000000539","WalkableSurface_25_03","GroundSurface_25_Closed_Sprite_Shape","6","68","False","1"
"3000000542","WalkableSurface_25_04","GroundSurface_25_Closed_Sprite_Shape","6","68","False","1"
"3000000547","WalkableSurface_26_01","GroundSurface_26_Closed_Sprite_Shape_4","6","68","False","1"
"3000000550","WalkableSurface_26_02","GroundSurface_26_Closed_Sprite_Shape_4","6","68","False","1"
"3000000555","WalkableSurface_27_01","GroundSurface_27_FirstGround","6","68","False","1"
"3000000558","WalkableSurface_27_02","GroundSurface_27_FirstGround","6","68","False","1"
"3000000561","WalkableSurface_27_03","GroundSurface_27_FirstGround","6","68","False","1"
"3000000564","WalkableSurface_27_04","GroundSurface_27_FirstGround","6","68","False","1"
"3000000567","WalkableSurface_27_05","GroundSurface_27_FirstGround","6","68","False","1"
"3000000570","WalkableSurface_27_06","GroundSurface_27_FirstGround","6","68","False","1"
"3000000575","WalkableSurface_28_01","GroundSurface_28_Under","6","68","False","MISSING"
"3000000578","WalkableSurface_28_02","GroundSurface_28_Under","6","68","False","MISSING"
"3000000581","WalkableSurface_28_03","GroundSurface_28_Under","6","68","False","MISSING"
"3000000584","WalkableSurface_28_04","GroundSurface_28_Under","6","68","False","MISSING"
"3000000587","WalkableSurface_28_05","GroundSurface_28_Under","6","68","False","MISSING"
"3000000590","WalkableSurface_28_06","GroundSurface_28_Under","6","68","False","MISSING"
"3000000593","WalkableSurface_28_07","GroundSurface_28_Under","6","68","False","MISSING"
"3000000596","WalkableSurface_28_08","GroundSurface_28_Under","6","68","False","MISSING"
"3000000599","WalkableSurface_28_09","GroundSurface_28_Under","6","68","False","MISSING"
"3000000602","WalkableSurface_28_10","GroundSurface_28_Under","6","68","False","MISSING"
"3000000605","WalkableSurface_28_11","GroundSurface_28_Under","6","68","False","MISSING"
"3000000608","WalkableSurface_28_12","GroundSurface_28_Under","6","68","False","MISSING"
"3000000611","WalkableSurface_28_13","GroundSurface_28_Under","6","68","False","MISSING"
"3000000614","WalkableSurface_28_14","GroundSurface_28_Under","6","68","False","MISSING"
"3000000617","WalkableSurface_28_15","GroundSurface_28_Under","6","68","False","MISSING"
"3000000620","WalkableSurface_28_16","GroundSurface_28_Under","6","68","False","MISSING"
"3000000623","WalkableSurface_28_17","GroundSurface_28_Under","6","68","False","MISSING"
"3000000626","WalkableSurface_28_18","GroundSurface_28_Under","6","68","False","MISSING"
"3000000629","WalkableSurface_28_19","GroundSurface_28_Under","6","68","False","MISSING"
"3000000632","WalkableSurface_28_20","GroundSurface_28_Under","6","68","False","MISSING"
"3000000635","WalkableSurface_28_21","GroundSurface_28_Under","6","68","False","MISSING"
"3000000638","WalkableSurface_28_22","GroundSurface_28_Under","6","68","False","MISSING"
"3000000641","WalkableSurface_28_23","GroundSurface_28_Under","6","68","False","MISSING"
